y,x1,x2,x3,x4,x5,x6,x7,x8,x9
680.989,1.371,-2.694,0,7.56,6.645,1.786,119.128,10,14.205
521.047,-0.565,1.199,0,7.653,13.223,1.444,107.897,7,20.875
574.139,0.363,-0.716,0,7.28,16.861,0.312,110.826,2,24.14
515.591,0.633,-1.276,0,7.98,4.891,1.42,122.313,10,12.871
517.828,0.404,-0.806,0,7.644,8.478,0.982,111.969,8,16.122
597.229,-0.106,0.205,0,7.583,10.58,1.853,119.8,4,18.162
586.564,1.512,-3.229,0,7.616,5.42,0.518,111.961,7,13.036
516.119,-0.095,0.179,0,7.925,13.155,0.914,102.965,7,21.08
794.649,2.018,-3.991,0,7.39,8.216,1.712,108.058,6,15.606
796.143,-0.063,0.123,1,7.288,15.986,2.822,106.38,10,23.274
738.321,1.305,-2.679,0,7.091,11.298,1.478,110.61,7,18.388
1015.128,2.287,-4.941,0,7.322,14.416,1.803,111.646,9,21.738
286.41,-1.389,2.849,0,7.758,18.344,0.039,112.926,9,26.102
445.043,-0.279,0.596,0,7.104,12.423,0.622,112.297,10,19.527
951.022,-0.133,0.277,0,7.71,18.205,2.478,127.245,9,25.915
669.768,0.636,-1.232,0,7.966,11.309,1.559,104.298,9,19.275
284.304,-0.284,0.571,0,7.201,4.392,0.104,111.096,7,11.593
115.294,-2.656,5.678,0,7.108,11.749,0.537,116.444,9,18.857
411.676,-2.44,4.5,0,7.055,16.142,1.598,125.399,3,23.197
781.089,1.32,-2.683,0,7.83,13.706,1.032,114.62,11,21.536
574.795,-0.307,0.608,0,7.581,11.414,1.622,122.674,4,18.995
98.871,-1.781,3.719,0,7.47,5.257,0.759,102.488,12,12.727
628.835,-0.172,0.357,0,7.365,15.622,1.096,124.124,4,22.987
637.408,1.215,-2.466,1,7.28,6.915,0.157,109.166,5,14.195
642.133,1.895,-4.073,0,7.6,5.595,0.617,112.065,10,13.195
356.552,-0.43,0.795,0,7.819,13.151,0.088,106.234,6,20.97
202.092,-0.257,0.538,1,7.098,5.826,0.299,114.937,7,12.924
242.62,-1.763,3.248,0,7.964,13.886,0.381,126.497,7,21.85
886.246,0.46,-0.947,1,7.169,13.11,2.798,130.955,9,20.279
65.411,-0.64,1.286,1,7.086,4.99,0.185,106.462,8,12.076
589.901,0.455,-0.955,0,7.861,17.28,0.159,117.402,4,25.141
535.139,0.705,-1.415,0,7.525,9.438,0.294,123.72,5,16.963
732.842,1.035,-1.908,0,7.657,16.669,0.696,112.63,6,24.326
294.288,-0.609,1.096,0,7.23,9.11,0.062,112.473,7,16.34
451.611,0.505,-1.037,1,7.721,8.613,0.049,111.867,9,16.335
395.001,-1.717,3.421,0,7.491,11.671,1.883,118.185,5,19.162
311.235,-0.784,1.524,0,7.965,10.605,0.037,123.782,7,18.571
466.363,-0.851,1.675,0,7.907,10.187,1.783,118.813,3,18.094
14.788,-2.414,4.666,0,7.551,7.543,0.125,116.241,8,15.095
376.578,0.036,-0.072,0,7.076,5.76,0.519,111.887,10,12.836
528.156,0.206,-0.393,0,7.023,14.631,0.334,117.488,8,21.654
428.289,-0.361,0.651,0,7.513,7.463,1.608,110.153,6,14.976
439.802,0.758,-1.5,0,7.631,5.036,0.138,112.045,11,12.666
240.825,-0.727,1.529,1,7.419,9.696,1.486,121.676,5,17.115
341.605,-1.368,2.993,0,7.879,7.958,2.144,117.094,6,15.837
362.891,0.433,-0.866,0,7.108,1.422,0.801,115.687,11,8.53
312.107,-0.811,1.616,0,7.98,9.915,0.536,112.211,10,17.896
921.77,1.444,-3.027,0,7.265,12.858,2.032,120.517,4,20.123
834.781,-0.431,0.865,0,7.084,13.788,3.315,123.344,10,20.873
875.915,0.656,-1.283,0,7.386,12.487,3.015,107.915,11,19.873
420.924,0.322,-0.588,1,7.125,6.859,0.831,114.388,5,13.984
384.941,-0.784,1.469,0,7.582,9.945,1.088,114.343,5,17.526
595.64,1.576,-3.215,0,7.24,6.56,0.475,109.952,8,13.801
521.371,0.643,-1.192,0,7.722,7.981,0.7,107.009,4,15.703
350011.481,89.761,-188.932,0,7145.929,5882.248,34.874,113982.971,8000,13028.176
422.776,0.277,-0.516,0,7.153,6.563,0.519,118.589,2,13.716
611.666,0.679,-1.345,0,7.259,15.567,0.272,124.338,11,22.826
561.07,0.09,-0.18,0,7.778,8.967,2.018,100.636,4,16.744
-57.67,-2.993,5.982,0,7.426,9.779,0,109.083,11,17.205
1203.782,0.285,-0.574,0,7.06,18.918,3.572,111.82,8,25.978
705.341,-0.367,0.756,0,7.115,9.997,3.861,102.358,8,17.112
560.243,0.185,-0.368,0,7.483,8.538,1.834,108.746,3,16.021
804.155,0.582,-1.149,0,7.979,14.101,2.053,108.559,8,22.08
700.828,1.4,-2.822,0,7.812,8.771,1.377,108.942,10,16.582
264.471,-0.727,1.423,1,7.543,15.287,0.913,98.678,6,22.83
763.796,1.303,-2.805,1,7.072,9.805,0.667,115.494,10,16.877
523.358,0.336,-0.599,0,7.466,8.257,1.252,109.577,7,15.724
558.461,1.039,-2.184,0,7.34,6.64,0.729,124.643,8,13.98
711.821,0.921,-1.819,0,7.69,13.529,0.889,119.572,5,21.219
636.833,0.721,-1.472,0,7.514,16.473,0.553,103.825,6,23.987
325.52,-1.043,2.189,0,7.515,9.836,0.909,114.689,5,17.351
299.27,-0.09,0.188,1,7.546,12.133,0.031,109.844,11,19.679
649.716,0.624,-1.206,0,7.447,13.625,0.807,120.218,5,21.072
526.741,-0.954,2.056,0,7.084,17.943,1.024,114.371,6,25.027
349.668,-0.543,0.998,0,7.93,13.934,0.049,110.101,10,21.864
465.116,0.581,-1.212,1,7.016,6.679,0.37,117.069,6,13.696
578.156,0.768,-1.497,0,7.414,8.299,1.1,115.068,11,15.713
490916.766,463.768,-838.614,0,7226.976,7916.804,679.263,112847.677,3000,15143.78
135087.436,-885.776,1606.283,1000,7099.641,13539.565,73.688,128139.234,7000,20639.206
90.353,-1.1,2.227,1,7.483,11.012,0.918,110.294,6,18.495
835.152,1.513,-3.362,0,7.65,12.7,1.491,110.704,5,20.35
418.103,0.258,-0.523,0,7.921,7.605,0.395,103.178,7,15.526
473.085,0.088,-0.187,0,7.363,9.66,0.75,113.716,8,17.022
618.164,-0.121,0.252,0,7.855,15.589,1.022,120.232,4,23.444
287.431,-1.194,2.31,0,7.301,9.554,1.047,99.5,15,16.854
600.188,0.612,-1.282,1,7.466,8.287,1.536,112.25,12,15.753
411.01,-0.217,0.442,0,7.143,14.68,0.13,105.728,14,21.823
361.345,-0.183,0.369,1,7.808,12.476,0.425,124.094,5,20.284
721.101,0.933,-1.96,0,7.666,7.823,2.439,123.505,4,15.488
703.85,0.822,-1.705,0,7.062,19.59,0.429,116.342,5,26.652
761.488,1.392,-2.697,1,7.431,6.607,0.949,124.005,7,14.037
316.544,-0.476,0.971,0,7.397,3.104,2.478,107.929,8,10.501
392.419,0.65,-1.243,0,7.697,1.191,0.041,120.655,13,8.888
689.017,1.391,-2.87,0,7.659,13.853,0.388,109.905,9,21.512
307.373,-1.111,2.174,0,7.407,9.147,0.835,116.247,8,16.554
306.302,-0.861,1.761,0,7.307,9.957,0.355,111.904,4,17.264
340.812,-1.132,2.305,0,7.255,12.503,0.763,112.05,13,19.758
272.442,-1.459,2.879,0,7.673,9.584,0.91,117.823,7,17.256
269.655,0.08,-0.164,1,7.894,3.742,0.232,104.873,7,11.636
449.291,0.653,-1.344,0,7.846,2.47,1.775,112.244,9,10.316
NA,1.201,-2.374,0,7.393,9.95,0.892,115.197,10,17.343
NA,1.045,-2.212,0,7.079,11.895,0.75,111.176,6,18.974
NA,-1.003,2.146,0,7.828,1.02,1.271,114.733,8,8.848
NA,1.848,-3.575,0,7.073,12.476,2.61,111.768,11,19.549
NA,-0.667,1.282,0,7.115,14.65,1.453,125.328,19,21.765
NA,0.106,-0.216,0,7.64,18.063,1.576,118.999,2,25.703
NA,-0.422,0.806,1,7.321,14.364,1.192,134.761,11,21.685
NA,-0.122,0.239,0,7.189,11.732,1.212,108.434,6,18.921
NA,0.188,-0.391,1,7.394,14.865,1.021,119.701,5,22.259
NA,0.119,-0.231,1,7.862,12.77,0.648,128.686,9,20.632
NA,-0.025,0.045,0,7.348,11.24,1.448,116.107,6,18.588
NA,0.108,-0.223,0,7.001,11.136,2.165,106.418,11,18.137
NA,-0.485,0.893,0,7.911,13.879,0.032,106.956,9,21.791
NA,-0.504,0.94,0,7.952,9.413,0.414,113.752,8,17.365
NA,-1.661,2.821,0,7.491,9.855,0.07,123.164,3,17.346
NA,-0.382,0.796,0,7.464,7.798,0.316,119.253,6,15.262
NA,-0.513,1.038,0,7.596,6.109,0.531,99.031,3,13.706
NA,2.702,-5.529,1,7.906,12.336,0.01,109.098,12,20.242
NA,-1.362,2.839,0,7.173,18.446,2.007,113.937,5,25.619
NA,0.137,-0.274,0,7.786,6.357,0.434,103.793,4,14.143
